<?xml version="1.0" encoding="UTF-8"?>
<extentreports>
    <configuration>
        <!-- report theme -->
        <!-- standard, dark -->
        <theme>standard</theme>

        <!-- document encoding -->
        <!-- defaults to UTF-8 -->
        <encoding>UTF-8</encoding>

        <!-- protocol for script and stylesheets -->
        <!-- defaults to https -->
        <protocol>https</protocol>

        <!-- title of the document -->
        <documentTitle>Spark Extent</documentTitle>

        <!-- report name - displayed at top-nav -->
        <reportName>Grasshopper Report</reportName>

        <!-- view report without internet -->
        <offlineMode>false</offlineMode>

        <!-- custom javascript -->
        <js></js>

        <!-- custom styles -->
        <css></css>
    </configuration>
</extentreports>